15780|1|Mon Sep 26 14:50:00 IST 2016
40263|1|Mon Sep 26 16:40:00 IST 2016
14493|1|Mon Sep 26 10:45:00 IST 2016
17047|1|Mon Sep 26 20:23:00 IST 2016
14172|1|Mon Sep 26 09:45:00 IST 2016
38462|1|Mon Sep 26 11:00:00 IST 2016
17163|1|Mon Sep 26 21:38:00 IST 2016
16399|1|Mon Sep 26 17:00:00 IST 2016
38783|1|Mon Sep 26 12:00:00 IST 2016
15144|1|Mon Sep 26 12:50:00 IST 2016
37376|1|Mon Sep 26 07:40:00 IST 2016
39313|1|Mon Sep 26 13:40:00 IST 2016
38147|1|Mon Sep 26 10:00:00 IST 2016
40788|1|Mon Sep 26 18:50:00 IST 2016
37490|1|Mon Sep 26 08:05:00 IST 2016
81848|10|Mon Sep 26 08:30:00 IST 2016
13607|1|Mon Sep 26 08:05:00 IST 2016
37937|1|Mon Sep 26 09:20:00 IST 2016
14814|1|Mon Sep 26 11:45:00 IST 2016
82300|10|Mon Sep 26 12:39:00 IST 2016
81696|10|Mon Sep 26 07:32:00 IST 2016
81576|10|Mon Sep 26 06:13:00 IST 2016
36960|1|Mon Sep 26 06:10:00 IST 2016
15028|1|Mon Sep 26 12:30:00 IST 2016
39952|1|Mon Sep 26 15:40:00 IST 2016
82100|10|Mon Sep 26 10:39:00 IST 2016
13723|1|Mon Sep 26 08:30:00 IST 2016
39838|1|Mon Sep 26 15:20:00 IST 2016
36846|1|Mon Sep 26 05:50:00 IST 2016
13491|1|Mon Sep 26 07:50:00 IST 2016
37282|1|Mon Sep 26 07:30:00 IST 2016
40053|1|Mon Sep 26 16:00:00 IST 2016
38252|1|Mon Sep 26 10:20:00 IST 2016
14386|1|Mon Sep 26 10:25:00 IST 2016
13375|1|Mon Sep 26 07:30:00 IST 2016
15673|1|Mon Sep 26 14:30:00 IST 2016
40893|1|Mon Sep 26 19:45:00 IST 2016
15352|1|Mon Sep 26 13:30:00 IST 2016
37168|1|Mon Sep 26 07:10:00 IST 2016
39103|1|Mon Sep 26 13:00:00 IST 2016
13175|1|Mon Sep 26 06:50:00 IST 2016
40578|1|Mon Sep 26 17:25:00 IST 2016
81636|10|Mon Sep 26 06:32:00 IST 2016
14707|1|Mon Sep 26 11:25:00 IST 2016
13059|1|Mon Sep 26 06:20:00 IST 2016
38897|1|Mon Sep 26 12:20:00 IST 2016
36752|1|Mon Sep 26 04:58:00 IST 2016
15994|1|Mon Sep 26 15:30:00 IST 2016
16720|1|Mon Sep 26 18:10:00 IST 2016
16324|1|Mon Sep 26 16:30:00 IST 2016
13259|1|Mon Sep 26 06:55:00 IST 2016
37604|1|Mon Sep 26 08:20:00 IST 2016
39628|1|Mon Sep 26 14:40:00 IST 2016
38042|1|Mon Sep 26 09:40:00 IST 2016
37074|1|Mon Sep 26 07:00:00 IST 2016
15245|1|Mon Sep 26 13:10:00 IST 2016
40683|1|Mon Sep 26 18:05:00 IST 2016
40368|1|Mon Sep 26 17:00:00 IST 2016
81900|10|Mon Sep 26 08:39:00 IST 2016
14071|1|Mon Sep 26 09:30:00 IST 2016
37718|1|Mon Sep 26 08:45:00 IST 2016
82200|10|Mon Sep 26 11:39:00 IST 2016
82400|10|Mon Sep 26 13:39:00 IST 2016
15887|1|Mon Sep 26 15:10:00 IST 2016
16217|1|Mon Sep 26 16:10:00 IST 2016
16613|1|Mon Sep 26 18:00:00 IST 2016
39733|1|Mon Sep 26 15:00:00 IST 2016
38567|1|Mon Sep 26 11:20:00 IST 2016
15566|1|Mon Sep 26 14:10:00 IST 2016
82000|10|Mon Sep 26 09:39:00 IST 2016
14279|1|Mon Sep 26 10:05:00 IST 2016
37832|1|Mon Sep 26 09:00:00 IST 2016
39418|1|Mon Sep 26 14:00:00 IST 2016
16934|1|Mon Sep 26 19:25:00 IST 2016
38672|1|Mon Sep 26 11:40:00 IST 2016
47786|162|Tue Sep 27 07:20:00 IST 2016
16101|1|Mon Sep 26 15:50:00 IST 2016
40473|1|Mon Sep 26 17:10:00 IST 2016
41007|1|Mon Sep 26 21:00:00 IST 2016
40158|1|Mon Sep 26 16:20:00 IST 2016
16827|1|Mon Sep 26 18:48:00 IST 2016
13839|1|Mon Sep 26 08:50:00 IST 2016
38357|1|Mon Sep 26 10:40:00 IST 2016
14600|1|Mon Sep 26 11:05:00 IST 2016
39523|1|Mon Sep 26 14:20:00 IST 2016
38998|1|Mon Sep 26 12:40:00 IST 2016
12943|1|Mon Sep 26 05:20:00 IST 2016
13955|1|Mon Sep 26 09:10:00 IST 2016
16506|1|Mon Sep 26 17:27:00 IST 2016
39208|1|Mon Sep 26 13:20:00 IST 2016
14601|10|Mon Sep 26 15:34:00 IST 2016
14921|1|Mon Sep 26 12:10:00 IST 2016
15459|1|Mon Sep 26 13:50:00 IST 2016
